Workbook

Sheet Súhrn
A1: Porovnanie dotačných výziev ČR – grantové poradenstvo
A3: Dnes (stav sa prepočíta od tohto dátumu): | B3: 46290
A5: Stav \ Relevancia | B5: Vysoká | C5: Stredná | D5: Nízka | E5: Spolu
A6: Po uzávierke | B6: =COUNTIFS(Výzvy!$N$2:$N$117,$A6,Výzvy!$P$2:$P$117,B$5) -> 0 | C6: =COUNTIFS(Výzvy!$N$2:$N$117,$A6,Výzvy!$P$2:$P$117,C$5) -> 0 | D6: =COUNTIFS(Výzvy!$N$2:$N$117,$A6,Výzvy!$P$2:$P$117,D$5) -> 11 | E6: =SUM(B6:D6) -> 11
A7: Končí do 14 dní | B7: =COUNTIFS(Výzvy!$N$2:$N$117,$A7,Výzvy!$P$2:$P$117,B$5) -> 1 | C7: =COUNTIFS(Výzvy!$N$2:$N$117,$A7,Výzvy!$P$2:$P$117,C$5) -> 1 | D7: =COUNTIFS(Výzvy!$N$2:$N$117,$A7,Výzvy!$P$2:$P$117,D$5) -> 21 | E7: =SUM(B7:D7) -> 23
A8: Otvorená | B8: =COUNTIFS(Výzvy!$N$2:$N$117,$A8,Výzvy!$P$2:$P$117,B$5) -> 13 | C8: =COUNTIFS(Výzvy!$N$2:$N$117,$A8,Výzvy!$P$2:$P$117,C$5) -> 14 | D8: =COUNTIFS(Výzvy!$N$2:$N$117,$A8,Výzvy!$P$2:$P$117,D$5) -> 23 | E8: =SUM(B8:D8) -> 50
A9: Očakávaná | B9: =COUNTIFS(Výzvy!$N$2:$N$117,$A9,Výzvy!$P$2:$P$117,B$5) -> 3 | C9: =COUNTIFS(Výzvy!$N$2:$N$117,$A9,Výzvy!$P$2:$P$117,C$5) -> 6 | D9: =COUNTIFS(Výzvy!$N$2:$N$117,$A9,Výzvy!$P$2:$P$117,D$5) -> 6 | E9: =SUM(B9:D9) -> 15
A10: Priebežná | B10: =COUNTIFS(Výzvy!$N$2:$N$117,$A10,Výzvy!$P$2:$P$117,B$5) -> 0 | C10: =COUNTIFS(Výzvy!$N$2:$N$117,$A10,Výzvy!$P$2:$P$117,C$5) -> 5 | D10: =COUNTIFS(Výzvy!$N$2:$N$117,$A10,Výzvy!$P$2:$P$117,D$5) -> 12 | E10: =SUM(B10:D10) -> 17
A11: Spolu | B11: =SUM(B6:B10) -> 17 | C11: =SUM(C6:C10) -> 26 | D11: =SUM(D6:D10) -> 73 | E11: =SUM(B11:D11) -> 116
A13: Zdroj \ Stav | B13: Po uzávierke | C13: Končí do 14 dní | D13: Otvorená | E13: Očakávaná | F13: Priebežná | G13: Spolu
A14: Tvoj zoznam | B14: =COUNTIFS(Výzvy!$B$2:$B$117,$A14,Výzvy!$N$2:$N$117,B$13) -> 11 | C14: =COUNTIFS(Výzvy!$B$2:$B$117,$A14,Výzvy!$N$2:$N$117,C$13) -> 23 | D14: =COUNTIFS(Výzvy!$B$2:$B$117,$A14,Výzvy!$N$2:$N$117,D$13) -> 40 | E14: =COUNTIFS(Výzvy!$B$2:$B$117,$A14,Výzvy!$N$2:$N$117,E$13) -> 14 | F14: =COUNTIFS(Výzvy!$B$2:$B$117,$A14,Výzvy!$N$2:$N$117,F$13) -> 17 | G14: =SUM(B14:F14) -> 105
A15: Doplnok (web) | B15: =COUNTIFS(Výzvy!$B$2:$B$117,$A15,Výzvy!$N$2:$N$117,B$13) -> 0 | C15: =COUNTIFS(Výzvy!$B$2:$B$117,$A15,Výzvy!$N$2:$N$117,C$13) -> 0 | D15: =COUNTIFS(Výzvy!$B$2:$B$117,$A15,Výzvy!$N$2:$N$117,D$13) -> 10 | E15: =COUNTIFS(Výzvy!$B$2:$B$117,$A15,Výzvy!$N$2:$N$117,E$13) -> 1 | F15: =COUNTIFS(Výzvy!$B$2:$B$117,$A15,Výzvy!$N$2:$N$117,F$13) -> 0 | G15: =SUM(B15:F15) -> 11
A16: Spolu | B16: =SUM(B14:B15) -> 11 | C16: =SUM(C14:C15) -> 23 | D16: =SUM(D14:D15) -> 50 | E16: =SUM(E14:E15) -> 15 | F16: =SUM(F14:F15) -> 17 | G16: =SUM(B16:F16) -> 116
A18: Oplatí sa riešiť hneď (vysoká relevancia, ešte sa dá podať)
A19: Počet: | B19: =COUNTIFS(Výzvy!$P$2:$P$117,"Vysoká",Výzvy!$N$2:$N$117,"<>Po uzávierke") -> 17

Sheet Výzvy
A1: ID | B1: Zdroj | C1: Poskytovateľ / program | D1: Výzva | E1: Pre koho | F1: Typ financovania | G1: Územie | H1: Alokácia | I1: Max. % | J1: Max. dotácia | K1: Uzávierka | L1: Termín – poznámka | M1: Status v zdroji | N1: Stav k dátumu | O1: Dní do uzávierky | P1: Relevancia pre poradenstvo | Q1: Poznámka | R1: Overenie / zdroj
A2: 18 | B2: Tvoj zoznam | C2: OP Životní prostředí | D2: 104. výzva – prírode blízke opatrenia v krajine a sídlach | E2: Mix (obce, firmy, NNO, FO) | F2: Grant | G2: Regionálne (Praha + prechodové regióny) | H2: 330 000 000 Kč | I2: 100 % | J2: neuvedené | K2: 46290 | M2: Otvorená | N2: =IF(K2="",M2,IF(K2<Súhrn!$B$3,"Po uzávierke",IF(M2="Očakávaná","Očakávaná",IF(K2-Súhrn!$B$3<=14,"Končí do 14 dní","Otvorená")))) -> Končí do 14 dní | O2: =IF(K2="","",K2-Súhrn!$B$3) -> 0 | P2: Vysoká | Q2: Uzávierka dnes. | R2: tvoj zoznam
A3: 44 | B3: Tvoj zoznam | C3: TA ČR – SIGMA | D3: 18. verejná súťaž – DC1 komercializácia VaVaI+ | E3: Malé podniky a startupy | F3: Grant | G3: Celorepublikové | H3: 10 000 000 Kč | I3: 70 % | J3: 730 000 Kč | K3: 46322 | M3: Otvorená | N3: =IF(K3="",M3,IF(K3<Súhrn!$B$3,"Po uzávierke",IF(M3="Očakávaná","Očakávaná",IF(K3-Súhrn!$B$3<=14,"Končí do 14 dní","Otvorená")))) -> Otvorená | O3: =IF(K3="","",K3-Súhrn!$B$3) -> 32 | P3: Vysoká | Q3: Výstupom je štúdia uskutočniteľnosti v angličtine – ideálne na spracovanie konzultantom. | R3: tvoj zoznam
A4: 46 | B4: Tvoj zoznam | C4: AOPK ČR – OPŽP | D4: 17. výzva SC 1.3 – prírode blízke opatrenia | E4: Mix (obce, vlastníci pozemkov, firmy, NNO) | F4: Grant | G4: Celorepublikové | H4: 275 000 000 Kč | I4: 100 % | J4: neuvedené | K4: 46325 | M4: Otvorená | N4: =IF(K4="",M4,IF(K4<Súhrn!$B$3,"Po uzávierke",IF(M4="Očakávaná","Očakávaná",IF(K4-Súhrn!$B$3<=14,"Končí do 14 dní","Otvorená")))) -> Otvorená | O4: =IF(K4="","",K4-Súhrn!$B$3) -> 35 | P4: Vysoká | Q4: Široký okruh žiadateľov, 100 %. | R4: tvoj zoznam
A5: 47 | B5: Tvoj zoznam | C5: AOPK ČR – OPŽP | D5: 18. výzva SC 1.6 – biodiverzita, chránené územia | E5: Mix (obce, vlastníci pozemkov, firmy, NNO) | F5: Grant | G5: Celorepublikové | H5: 75 000 000 Kč | I5: 100 % | J5: neuvedené | K5: 46325 | M5: Otvorená | N5: =IF(K5="",M5,IF(K5<Súhrn!$B$3,"Po uzávierke",IF(M5="Očakávaná","Očakávaná",IF(K5-Súhrn!$B$3<=14,"Končí do 14 dní","Otvorená")))) -> Otvorená | O5: =IF(K5="","",K5-Súhrn!$B$3) -> 35 | P5: Vysoká | R5: tvoj zoznam
A6: 48 | B6: Tvoj zoznam | C6: Hl. m. Praha | D6: Památková péče 2027 – vlastníci pamiatkovo významných objektov | E6: Vlastníci pamiatok (Praha) | F6: Grant | G6: Regionálne | H6: 47 800 000 Kč | I6: 65 % | J6: 5 000 000 Kč | K6: 46325 | M6: Otvorená | N6: =IF(K6="",M6,IF(K6<Súhrn!$B$3,"Po uzávierke",IF(M6="Očakávaná","Očakávaná",IF(K6-Súhrn!$B$3<=14,"Končí do 14 dní","Otvorená")))) -> Otvorená | O6: =IF(K6="","",K6-Súhrn!$B$3) -> 35 | P6: Vysoká | R6: tvoj zoznam
A7: 107 | B7: Doplnok (web) | C7: Kraj Vysočina | D7: Podnikateľské vouchery 2026 | E7: Firmy a OSVČ na Vysočine | F7: Grant | G7: Regionálne | H7: 7 000 000 Kč | I7: neuvedené | J7: neuvedené | K7: 46325 | L7: príjem od 23. 3. 2026 | M7: Otvorená | N7: =IF(K7="",M7,IF(K7<Súhrn!$B$3,"Po uzávierke",IF(M7="Očakávaná","Očakávaná",IF(K7-Súhrn!$B$3<=14,"Končí do 14 dní","Otvorená")))) -> Otvorená | O7: =IF(K7="","",K7-Súhrn!$B$3) -> 35 | P7: Vysoká | Q7: Inovácie, digitalizácia, kyberbezpečnosť. | R7: https://www.businessinfo.cz/clanky/kraj-vysocina-vyhlasil-podnikatelske-vouchery-2026/
A8: 3 | B8: Tvoj zoznam | C8: Česká rozvojová agentura | D8: Program B2B – rozvojové partnerstvo pre súkromný sektor | E8: Firmy (obchodné korporácie) | F8: Grant | G8: Nadnárodné | H8: neuvedené | I8: 50 % | J8: 2 000 000 Kč | K8: 46336 | M8: Otvorená | N8: =IF(K8="",M8,IF(K8<Súhrn!$B$3,"Po uzávierke",IF(M8="Očakávaná","Očakávaná",IF(K8-Súhrn!$B$3<=14,"Končí do 14 dní","Otvorená")))) -> Otvorená | O8: =IF(K8="","",K8-Súhrn!$B$3) -> 46 | P8: Vysoká | Q8: Výstupom je štúdia uskutočniteľnosti/podnikateľský plán – typická konzultantská práca. | R8: tvoj zoznam
A9: 58 | B9: Tvoj zoznam | C9: OP Zaměstnanost+ | D9: 12. výzva SC 1.2 – diverzitná a flexibilná pracovná kultúra | E9: Firmy, OSVČ, NNO, obce | F9: Grant | G9: Celorepublikové | H9: 360 000 000 Kč | I9: 100 % | J9: 10 000 000 Kč | K9: 46356 | M9: Otvorená | N9: =IF(K9="",M9,IF(K9<Súhrn!$B$3,"Po uzávierke",IF(M9="Očakávaná","Očakávaná",IF(K9-Súhrn!$B$3<=14,"Končí do 14 dní","Otvorená")))) -> Otvorená | O9: =IF(K9="","",K9-Súhrn!$B$3) -> 66 | P9: Vysoká | Q9: 100 % financovanie mäkkých projektov, široký okruh žiadateľov. | R9: tvoj zoznam
A10: 110 | B10: Doplnok (web) | C10: Modernizační fond (SFŽP) | D10: TRANSCom 2/2025 – bezemisná cestná nákladná doprava | E10: Cestní dopravcovia | F10: Grant | G10: Celorepublikové | H10: 960 000 000 Kč | I10: neuvedené | J10: neuvedené | K10: 46356 | L10: príjem od 2. 2. 2026 | M10: Otvorená | N10: =IF(K10="",M10,IF(K10<Súhrn!$B$3,"Po uzávierke",IF(M10="Očakávaná","Očakávaná",IF(K10-Súhrn!$B$3<=14,"Končí do 14 dní","Otvorená")))) -> Otvorená | O10: =IF(K10="","",K10-Súhrn!$B$3) -> 66 | P10: Vysoká | Q10: Výmena dieselových nákladných áut za elektrické. | R10: https://sfzp.gov.cz/dotace-a-pujcky/modernizacni-fond/vyzvy/
A11: 112 | B11: Doplnok (web) | C11: Modernizační fond (SFŽP) | D11: RES+ 6/2025 – agrofotovoltika a úložiská | E11: Poľnohospodári | F11: Grant | G11: Celorepublikové | H11: 300 000 000 Kč | I11: neuvedené | J11: neuvedené | K11: 46568 | L11: príjem od 15. 1. 2026 | M11: Otvorená | N11: =IF(K11="",M11,IF(K11<Súhrn!$B$3,"Po uzávierke",IF(M11="Očakávaná","Očakávaná",IF(K11-Súhrn!$B$3<=14,"Končí do 14 dní","Otvorená")))) -> Otvorená | O11: =IF(K11="","",K11-Súhrn!$B$3) -> 278 | P11: Vysoká | R11: https://sfzp.gov.cz/dotace-a-pujcky/modernizacni-fond/vyzvy/
A12: 106 | B12: Doplnok (web) | C12: OP TAK (MPO/API) | D12: Technologie pro MAS (CLLD) – výzva II | E12: MSP na území MAS (mimo Prahy a miest nad 25 tis.) | F12: Grant | G12: Regionálne (MAS) | H12: 540 000 000 Kč | I12: neuvedené | J12: 1 490 000 Kč | K12: 46631 | L12: príjem od 1. 9. 2026 | M12: Otvorená | N12: =IF(K12="",M12,IF(K12<Súhrn!$B$3,"Po uzávierke",IF(M12="Očakávaná","Očakávaná",IF(K12-Súhrn!$B$3<=14,"Končí do 14 dní","Otvorená")))) -> Otvorená | O12: =IF(K12="","",K12-Súhrn!$B$3) -> 341 | P12: Vysoká | Q12: Podporuje aj softvér a IT infraštruktúru – ERP/Odoo. | R12: https://www.businessinfo.cz/clanky/op-tak-vyhlaseni-vyzvy-ii-technologie-pro-mas-clld/
A13: 105 | B13: Tvoj zoznam | C13: OP Zaměstnanost+ | D13: 92. výzva – detské skupiny (5) | E13: Firmy (podnikové DS), obce, NNO | F13: Grant | G13: Celorepublikové | H13: 300 000 000 Kč | I13: 100 % | J13: 7 882 992 Kč | K13: 46721 | L13: vyhlásenie 03/2027 | M13: Očakávaná | N13: =IF(K13="",M13,IF(K13<Súhrn!$B$3,"Po uzávierke",IF(M13="Očakávaná","Očakávaná",IF(K13-Súhrn!$B$3<=14,"Končí do 14 dní","Otvorená")))) -> Očakávaná | O13: =IF(K13="","",K13-Súhrn!$B$3) -> 431 | P13: Vysoká | Q13: Aj podnikové detské skupiny; 100 %. | R13: tvoj zoznam
A14: 71 | B14: Tvoj zoznam | C14: SFŽP ČR – NZÚ | D14: HOUSEnerg bytové domy – C: zdroje energie | E14: SVJ, bytové družstvá, vlastníci BD | F14: Grant | G14: Celorepublikové | H14: neuvedené | I14: 50 % | J14: neuvedené | K14: 46934 | M14: Otvorená | N14: =IF(K14="",M14,IF(K14<Súhrn!$B$3,"Po uzávierke",IF(M14="Očakávaná","Očakávaná",IF(K14-Súhrn!$B$3<=14,"Končí do 14 dní","Otvorená")))) -> Otvorená | O14: =IF(K14="","",K14-Súhrn!$B$3) -> 644 | P14: Vysoká | Q14: Veľký trh SVJ, dlhý termín. | R14: tvoj zoznam
A15: 72 | B15: Tvoj zoznam | C15: SFŽP ČR – NZÚ | D15: HOUSEnerg bytové domy – D: adaptačné a mitigačné opatrenia | E15: SVJ, bytové družstvá, vlastníci BD | F15: Grant | G15: Celorepublikové | H15: neuvedené | I15: 50 % | J15: neuvedené | K15: 46934 | M15: Otvorená | N15: =IF(K15="",M15,IF(K15<Súhrn!$B$3,"Po uzávierke",IF(M15="Očakávaná","Očakávaná",IF(K15-Súhrn!$B$3<=14,"Končí do 14 dní","Otvorená")))) -> Otvorená | O15: =IF(K15="","",K15-Súhrn!$B$3) -> 644 | P15: Vysoká | R15: tvoj zoznam
A16: 73 | B16: Tvoj zoznam | C16: SFŽP ČR – NZÚ | D16: HOUSEnerg bytové domy – A: zateplenie | E16: SVJ, bytové družstvá, vlastníci BD | F16: Grant | G16: Celorepublikové | H16: neuvedené | I16: 50 % | J16: neuvedené | K16: 46934 | M16: Otvorená | N16: =IF(K16="",M16,IF(K16<Súhrn!$B$3,"Po uzávierke",IF(M16="Očakávaná","Očakávaná",IF(K16-Súhrn!$B$3<=14,"Končí do 14 dní","Otvorená")))) -> Otvorená | O16: =IF(K16="","",K16-Súhrn!$B$3) -> 644 | P16: Vysoká | R16: tvoj zoznam
A17: 95 | B17: Tvoj zoznam | C17: OP Doprava | D17: 46. výzva – rýchlodobíjanie osobných áut, celá ČR | E17: Vlastníci/správcovia infraštruktúry (aj firmy) | F17: Grant | G17: Celorepublikové | H17: 315 000 000 Kč | I17: 55 % | J17: neuvedené | L17: vyhlásenie 09/2026, koniec 12/2026 | M17: Očakávaná | N17: =IF(K17="",M17,IF(K17<Súhrn!$B$3,"Po uzávierke",IF(M17="Očakávaná","Očakávaná",IF(K17-Súhrn!$B$3<=14,"Končí do 14 dní","Otvorená")))) -> Očakávaná | O17: =IF(K17="","",K17-Súhrn!$B$3) | P17: Vysoká | Q17: Aj pre firmy (obchody, hotely) s verejným prístupom. | R17: tvoj zoznam
A18: 97 | B18: Tvoj zoznam | C18: OP Doprava | D18: 47. výzva – rýchlodobíjanie nákladných vozidiel | E18: Vlastníci/správcovia infraštruktúry (aj firmy) | F18: Grant | G18: Celorepublikové | H18: 500 000 000 Kč | I18: 80 % | J18: neuvedené | L18: vyhlásenie 10/2026, koniec 01/2027 | M18: Očakávaná | N18: =IF(K18="",M18,IF(K18<Súhrn!$B$3,"Po uzávierke",IF(M18="Očakávaná","Očakávaná",IF(K18-Súhrn!$B$3<=14,"Končí do 14 dní","Otvorená")))) -> Očakávaná | O18: =IF(K18="","",K18-Súhrn!$B$3) | P18: Vysoká | R18: tvoj zoznam
A19: 27 | B19: Tvoj zoznam | C19: MK ČR | D19: Program záchrany architektonického dedičstva | E19: Vlastníci pamiatok | F19: Grant | G19: Celorepublikové | H19: neuvedené | I19: neuvedené | J19: neuvedené | K19: 46295 | M19: Otvorená | N19: =IF(K19="",M19,IF(K19<Súhrn!$B$3,"Po uzávierke",IF(M19="Očakávaná","Očakávaná",IF(K19-Súhrn!$B$3<=14,"Končí do 14 dní","Otvorená")))) -> Končí do 14 dní | O19: =IF(K19="","",K19-Súhrn!$B$3) -> 5 | P19: Stredná | Q19: Uzávierka o 5 dní. | R19: tvoj zoznam
A20: 1 | B20: Tvoj zoznam | C20: Hl. m. Praha | D20: Cestovný ruch 2027 – Opatření I (asociačné kongresy a konferencie) | E20: Organizátori kongresov | F20: Grant | G20: Regionálne | H20: 13 660 000 Kč | I20: 100 % | J20: 2 000 000 Kč | K20: 46307 | M20: Otvorená | N20: =IF(K20="",M20,IF(K20<Súhrn!$B$3,"Po uzávierke",IF(M20="Očakávaná","Očakávaná",IF(K20-Súhrn!$B$3<=14,"Končí do 14 dní","Otvorená")))) -> Otvorená | O20: =IF(K20="","",K20-Súhrn!$B$3) -> 17 | P20: Stredná | Q20: Úzka cieľová skupina (min. 300/700 účastníkov, 30–40 % zo zahraničia); krátky termín. | R20: tvoj zoznam
A21: 2 | B21: Tvoj zoznam | C21: Hl. m. Praha | D21: Cestovný ruch 2027 – Opatření II (akcie celoštátneho/medzinár. významu) | E21: Organizátori podujatí | F21: Grant | G21: Regionálne | H21: 9 000 000 Kč | I21: 30 % | J21: 2 000 000 Kč | K21: 46307 | L21: II.A max 2 mil. Kč, II.B max 0,5 mil. Kč | M21: Otvorená | N21: =IF(K21="",M21,IF(K21<Súhrn!$B$3,"Po uzávierke",IF(M21="Očakávaná","Očakávaná",IF(K21-Súhrn!$B$3<=14,"Končí do 14 dní","Otvorená")))) -> Otvorená | O21: =IF(K21="","",K21-Súhrn!$B$3) -> 17 | P21: Stredná | Q21: Akcie mimo centra/sezóny; nízka miera podpory (30 %). | R21: tvoj zoznam
A22: 116 | B22: Doplnok (web) | C22: SZIF – SP SZP | D22: Projektové intervencie – kolo 1.–22. 10. 2026 | E22: Poľnohospodári, spracovatelia | F22: Grant | G22: Celorepublikové | H22: neuvedené | I22: neuvedené | J22: neuvedené | K22: 46317 | L22: príjem 1.–22. 10. 2026; intervencie overiť (33.73 až jar 2027) | M22: Očakávaná | N22: =IF(K22="",M22,IF(K22<Súhrn!$B$3,"Po uzávierke",IF(M22="Očakávaná","Očakávaná",IF(K22-Súhrn!$B$3<=14,"Končí do 14 dní","Otvorená")))) -> Očakávaná | O22: =IF(K22="","",K22-Súhrn!$B$3) -> 27 | P22: Stredná | Q22: Ktoré intervencie sú v kole – overiť na szif.gov.cz. | R22: https://agro-svet.cz/dotace/kalendar-kol/
A23: 111 | B23: Doplnok (web) | C23: Modernizační fond (SFŽP) | D23: Železničná nákladná doprava – nové elektrické lokomotívy | E23: Železniční nákladní dopravcovia | F23: Grant | G23: Celorepublikové | H23: 3 500 000 000 Kč | I23: neuvedené | J23: neuvedené | K23: 46325 | L23: príjem od 15. 12. 2025 | M23: Otvorená | N23: =IF(K23="",M23,IF(K23<Súhrn!$B$3,"Po uzávierke",IF(M23="Očakávaná","Očakávaná",IF(K23-Súhrn!$B$3<=14,"Končí do 14 dní","Otvorená")))) -> Otvorená | O23: =IF(K23="","",K23-Súhrn!$B$3) -> 35 | P23: Stredná | R23: https://sfzp.gov.cz/dotace-a-pujcky/modernizacni-fond/vyzvy/
A24: 98 | B24: Tvoj zoznam | C24: Hl. m. Praha | D24: Životné prostredie 2027 – VII. adaptácia a mitigácia | E24: Mix (Praha: NNO, SVJ, FO) | F24: Grant | G24: Regionálne | H24: 11 250 000 Kč | I24: 100 % | J24: 600 000 Kč | K24: 46331 | M24: Očakávaná | N24: =IF(K24="",M24,IF(K24<Súhrn!$B$3,"Po uzávierke",IF(M24="Očakávaná","Očakávaná",IF(K24-Súhrn!$B$3<=14,"Končí do 14 dní","Otvorená")))) -> Očakávaná | O24: =IF(K24="","",K24-Súhrn!$B$3) -> 41 | P24: Stredná | R24: tvoj zoznam
A25: 50 | B25: Tvoj zoznam | C25: OP Životní prostředí | D25: 72. výzva – ekologické záťaže | E25: Mix (obce, firmy, štát) | F25: Grant | G25: Celorepublikové | H25: 1 700 000 000 Kč | I25: 85 % | J25: neuvedené | K25: 46336 | M25: Otvorená | N25: =IF(K25="",M25,IF(K25<Súhrn!$B$3,"Po uzávierke",IF(M25="Očakávaná","Očakávaná",IF(K25-Súhrn!$B$3<=14,"Končí do 14 dní","Otvorená")))) -> Otvorená | O25: =IF(K25="","",K25-Súhrn!$B$3) -> 46 | P25: Stredná | Q25: Vyžaduje analýzu rizík – špecializované. | R25: tvoj zoznam
A26: 57 | B26: Tvoj zoznam | C26: NPO – MŽP | D26: Renovačný pas budovy a dotačné poradenstvo (výzva 2/2026) | E26: Poradcovia (evidencia SFŽP) | F26: Grant | G26: Celorepublikové | H26: 200 000 000 Kč | I26: neuvedené | J26: 8 000 Kč | K26: 46356 | M26: Otvorená | N26: =IF(K26="",M26,IF(K26<Súhrn!$B$3,"Po uzávierke",IF(M26="Očakávaná","Očakávaná",IF(K26-Súhrn!$B$3<=14,"Končí do 14 dní","Otvorená")))) -> Otvorená | O26: =IF(K26="","",K26-Súhrn!$B$3) -> 66 | P26: Stredná | Q26: Dotácia priamo pre poradcov – vyžaduje registráciu v evidencii SFŽP. | R26: tvoj zoznam
A27: 59 | B27: Tvoj zoznam | C27: EK – EIC | D27: HORIZON-EIC-2026-ACCELERATOR-01 – EIC Accelerator | E27: MSP a startupy (deep-tech, TRL 5+) | F27: Grant + kapitál | G27: Nadnárodné | H27: neuvedené | I27: neuvedené | J27: neuvedené | K27: 46373 | M27: Otvorená | N27: =IF(K27="",M27,IF(K27<Súhrn!$B$3,"Po uzávierke",IF(M27="Očakávaná","Očakávaná",IF(K27-Súhrn!$B$3<=14,"Končí do 14 dní","Otvorená")))) -> Otvorená | O27: =IF(K27="","",K27-Súhrn!$B$3) -> 83 | P27: Stredná | Q27: Vysoká konkurencia, špecializované písanie. | R27: tvoj zoznam
A28: 60 | B28: Tvoj zoznam | C28: OP Životní prostředí | D28: 106. výzva – obnova stability svahov | E28: Obce, vlastníci, NNO | F28: Grant | G28: Celorepublikové | H28: 100 000 000 Kč | I28: 80 % | J28: neuvedené | K28: 46373 | M28: Otvorená | N28: =IF(K28="",M28,IF(K28<Súhrn!$B$3,"Po uzávierke",IF(M28="Očakávaná","Očakávaná",IF(K28-Súhrn!$B$3<=14,"Končí do 14 dní","Otvorená")))) -> Otvorená | O28: =IF(K28="","",K28-Súhrn!$B$3) -> 83 | P28: Stredná | R28: tvoj zoznam
A29: 61 | B29: Tvoj zoznam | C29: NPO – MMR a NRB | D29: Dostupné nájomné bývanie – výzva I | E29: Obce, developeri (projekty nad 250 mil. Kč) | F29: Zvýhodnený úver | G29: Celorepublikové | H29: 2 250 000 000 Kč | I29: 80 % | J29: 1 200 000 000 Kč | K29: 46387 | M29: Otvorená | N29: =IF(K29="",M29,IF(K29<Súhrn!$B$3,"Po uzávierke",IF(M29="Očakávaná","Očakávaná",IF(K29-Súhrn!$B$3<=14,"Končí do 14 dní","Otvorená")))) -> Otvorená | O29: =IF(K29="","",K29-Súhrn!$B$3) -> 97 | P29: Stredná | Q29: Veľké projekty. | R29: tvoj zoznam
A30: 108 | B30: Doplnok (web) | C30: IROP (MMR) | D30: 10. výzva eGovernment a kyberbezpečnosť (SC 1.1, VRR = Praha) | E30: Verejná správa (Praha) | F30: Grant | G30: Regionálne | H30: neuvedené | I30: neuvedené | J30: neuvedené | K30: 46387 | L30: predĺžené z 28. 5. 2026 | M30: Otvorená | N30: =IF(K30="",M30,IF(K30<Súhrn!$B$3,"Po uzávierke",IF(M30="Očakávaná","Očakávaná",IF(K30-Súhrn!$B$3<=14,"Končí do 14 dní","Otvorená")))) -> Otvorená | O30: =IF(K30="","",K30-Súhrn!$B$3) -> 97 | P30: Stredná | Q30: Overiť na irop.gov.cz. | R30: https://irop.gov.cz/cs/vyzvy-2021-2027
A31: 115 | B31: Doplnok (web) | C31: OP Spravedlivá transformace | D31: Transformačný úver | E31: Firmy (Karlovarský, Ústecký, Moravskosliezsky kraj) | F31: Zvýhodnený úver | G31: Regionálne | H31: neuvedené | I31: neuvedené | J31: neuvedené | K31: 46387 | L31: priebežne do konca 2026 | M31: Otvorená | N31: =IF(K31="",M31,IF(K31<Súhrn!$B$3,"Po uzávierke",IF(M31="Očakávaná","Očakávaná",IF(K31-Súhrn!$B$3<=14,"Končí do 14 dní","Otvorená")))) -> Otvorená | O31: =IF(K31="","",K31-Súhrn!$B$3) -> 97 | P31: Stredná | R31: https://opst.cz/aktualizovany-harmonogram-vyzev-opst-zkontrolujte-terminy-nektere-vyzvy-brzy-konci/
A32: 67 | B32: Tvoj zoznam | C32: EK – JTM | D32: JTM-2026-PSLF – úvery pre verejný sektor (2 výzvy) | E32: Verejný sektor (uhoľné regióny) | F32: Grant + úver EIB | G32: Nadnárodné | H32: €630 mil. | I32: neuvedené | J32: neuvedené | K32: 46434 | L32: Priebežné uzávierky; ďalšia 16. 2. 2027 | M32: Otvorená | N32: =IF(K32="",M32,IF(K32<Súhrn!$B$3,"Po uzávierke",IF(M32="Očakávaná","Očakávaná",IF(K32-Súhrn!$B$3<=14,"Končí do 14 dní","Otvorená")))) -> Otvorená | O32: =IF(K32="","",K32-Súhrn!$B$3) -> 144 | P32: Stredná | Q32: Pre obce/kraje v regiónoch spravodlivej transformácie. | R32: tvoj zoznam
A33: 74 | B33: Tvoj zoznam | C33: SFŽP ČR – NZÚ | D33: HOUSEnerg bytové domy – B: novostavba | E33: Stavebníci/prví nadobúdatelia BD | F33: Grant | G33: Celorepublikové | H33: neuvedené | I33: 50 % | J33: 150 000 Kč / byt (fix) | K33: 46934 | M33: Otvorená | N33: =IF(K33="",M33,IF(K33<Súhrn!$B$3,"Po uzávierke",IF(M33="Očakávaná","Očakávaná",IF(K33-Súhrn!$B$3<=14,"Končí do 14 dní","Otvorená")))) -> Otvorená | O33: =IF(K33="","",K33-Súhrn!$B$3) -> 644 | P33: Stredná | R33: tvoj zoznam
A34: 75 | B34: Tvoj zoznam | C34: SZP 2023–2027 | D34: 54.78 Podpora poradenstva – a) individuálne poradenstvo (záznam 11. 9. 2026) | E34: Poradcovia certifikovaní ADVIGREEN | F34: Grant | G34: Celorepublikové | H34: neuvedené | I34: 80 % | J34: 50 000 Kč | L34: priebežne | M34: Priebežná | N34: =IF(K34="",M34,IF(K34<Súhrn!$B$3,"Po uzávierke",IF(M34="Očakávaná","Očakávaná",IF(K34-Súhrn!$B$3<=14,"Končí do 14 dní","Otvorená")))) -> Priebežná | O34: =IF(K34="","",K34-Súhrn!$B$3) | P34: Stredná | Q34: Dotácia pre poľnohospodárskych poradcov. | R34: tvoj zoznam
A35: 82 | B35: Tvoj zoznam | C35: Národní rozvojová banka | D35: Zvýhodnený úver Energ (Praha) | E35: Firmy v Prahe | F35: Zvýhodnený úver | G35: Regionálne | H35: 129 856 463 Kč | I35: neuvedené | J35: 60 000 000 Kč | L35: priebežne | M35: Priebežná | N35: =IF(K35="",M35,IF(K35<Súhrn!$B$3,"Po uzávierke",IF(M35="Očakávaná","Očakávaná",IF(K35-Súhrn!$B$3<=14,"Končí do 14 dní","Otvorená")))) -> Priebežná | O35: =IF(K35="","",K35-Súhrn!$B$3) | P35: Stredná | Q35: Záznam z 2021 – overiť, či beží. | R35: tvoj zoznam
A36: 85 | B36: Tvoj zoznam | C36: SZP 2023–2027 | D36: Podpora poradenstva – a) individuálne poradenstvo (záznam 2023) | E36: Poradcovia certifikovaní ADVIGREEN | F36: Grant | G36: Celorepublikové | H36: 241 015 304 Kč | I36: 80 % | J36: 50 000 Kč | L36: priebežne do vyčerpania | M36: Priebežná | N36: =IF(K36="",M36,IF(K36<Súhrn!$B$3,"Po uzávierke",IF(M36="Očakávaná","Očakávaná",IF(K36-Súhrn!$B$3<=14,"Končí do 14 dní","Otvorená")))) -> Priebežná | O36: =IF(K36="","",K36-Súhrn!$B$3) | P36: Stredná | Q36: Duplicita k záznamu z 11. 9. 2026 (starší záznam). | R36: tvoj zoznam
A37: 86 | B37: Tvoj zoznam | C37: Národní rozvojová banka | D37: Nová ELENA (EPC projekty) | E37: Verejný sektor, firmy | F37: Iné mechanizmy | G37: Celorepublikové | H37: neuvedené | I37: 90 % | J37: neuvedené | L37: priebežne | M37: Priebežná | N37: =IF(K37="",M37,IF(K37<Súhrn!$B$3,"Po uzávierke",IF(M37="Očakávaná","Očakávaná",IF(K37-Súhrn!$B$3<=14,"Končí do 14 dní","Otvorená")))) -> Priebežná | O37: =IF(K37="","",K37-Súhrn!$B$3) | P37: Stredná | R37: tvoj zoznam
A38: 87 | B38: Tvoj zoznam | C38: Národní rozvojová banka | D38: ENERG (Praha) | E38: Firmy v Prahe | F38: Zvýhodnený úver | G38: Regionálne | H38: 90 000 000 Kč | I38: neuvedené | J38: 60 000 000 Kč | L38: priebežne | M38: Priebežná | N38: =IF(K38="",M38,IF(K38<Súhrn!$B$3,"Po uzávierke",IF(M38="Očakávaná","Očakávaná",IF(K38-Súhrn!$B$3<=14,"Končí do 14 dní","Otvorená")))) -> Priebežná | O38: =IF(K38="","",K38-Súhrn!$B$3) | P38: Stredná | Q38: Záznam z 2021 – overiť, či beží. | R38: tvoj zoznam
A39: 92 | B39: Tvoj zoznam | C39: SZP 2023–2027 | D39: 54.78 Podpora poradenstva – záměry b)–f) | E39: Poradcovia, vzdelávacie subjekty, výskum | F39: Grant | G39: Celorepublikové | H39: €9 994 000 (v zdroji; asi Kč) | I39: 100 % | J39: 4 800 000 (v zdroji €; asi Kč) | L39: priebežne do vyčerpania | M39: Očakávaná | N39: =IF(K39="",M39,IF(K39<Súhrn!$B$3,"Po uzávierke",IF(M39="Očakávaná","Očakávaná",IF(K39-Súhrn!$B$3<=14,"Končí do 14 dní","Otvorená")))) -> Očakávaná | O39: =IF(K39="","",K39-Súhrn!$B$3) | P39: Stredná | Q39: Mena v zdroji pravdepodobne chybná. | R39: tvoj zoznam
A40: 93 | B40: Tvoj zoznam | C40: OP Doprava | D40: 48. výzva – bežné dobíjacie stanice v obciach | E40: Vlastníci/správcovia infraštruktúry | F40: Grant | G40: Celorepublikové | H40: 70 000 000 Kč | I40: 80 % | J40: neuvedené | L40: vyhlásenie 12/2026, koniec 03/2027 | M40: Očakávaná | N40: =IF(K40="",M40,IF(K40<Súhrn!$B$3,"Po uzávierke",IF(M40="Očakávaná","Očakávaná",IF(K40-Súhrn!$B$3<=14,"Končí do 14 dní","Otvorená")))) -> Očakávaná | O40: =IF(K40="","",K40-Súhrn!$B$3) | P40: Stredná | Q40: Min. 20 dobíjacích bodov. | R40: tvoj zoznam
A41: 94 | B41: Tvoj zoznam | C41: OP Doprava | D41: 44. výzva – rýchlodobíjanie osobných áut, prioritné oblasti | E41: Vlastníci/správcovia infraštruktúry | F41: Grant | G41: Celorepublikové | H41: 100 000 000 Kč | I41: 70 % | J41: neuvedené | L41: vyhlásenie 08/2026, koniec 11/2026 | M41: Očakávaná | N41: =IF(K41="",M41,IF(K41<Súhrn!$B$3,"Po uzávierke",IF(M41="Očakávaná","Očakávaná",IF(K41-Súhrn!$B$3<=14,"Končí do 14 dní","Otvorená")))) -> Očakávaná | O41: =IF(K41="","",K41-Súhrn!$B$3) | P41: Stredná | R41: tvoj zoznam
A42: 96 | B42: Tvoj zoznam | C42: OP Doprava | D42: 45. výzva – bežné dobíjacie stanice v obciach | E42: Vlastníci/správcovia infraštruktúry | F42: Grant | G42: Celorepublikové | H42: 150 000 000 Kč | I42: 80 % | J42: neuvedené | L42: vyhlásenie 08/2026, koniec 11/2026 | M42: Očakávaná | N42: =IF(K42="",M42,IF(K42<Súhrn!$B$3,"Po uzávierke",IF(M42="Očakávaná","Očakávaná",IF(K42-Súhrn!$B$3<=14,"Končí do 14 dní","Otvorená")))) -> Očakávaná | O42: =IF(K42="","",K42-Súhrn!$B$3) | P42: Stredná | Q42: Min. 20 dobíjacích bodov. | R42: tvoj zoznam
A43: 109 | B43: Doplnok (web) | C43: IROP (MMR) | D43: 120. výzva Kybernetická bezpečnost II (NIS2) | E43: Kraje, ORP, príspevkové organizácie | F43: Grant | G43: Celorepublikové | H43: neuvedené | I43: 50 % (EÚ) | J43: projekt min. 1 mil. Kč | L43: príjem od 30. 4. 2026; uzávierku overiť | M43: Otvorená | N43: =IF(K43="",M43,IF(K43<Súhrn!$B$3,"Po uzávierke",IF(M43="Očakávaná","Očakávaná",IF(K43-Súhrn!$B$3<=14,"Končí do 14 dní","Otvorená")))) -> Otvorená | O43: =IF(K43="","",K43-Súhrn!$B$3) | P43: Stredná | Q43: Uzávierka nenájdená – overiť. | R43: https://www.dreport.cz/blog/pripravuje-se-nova-vyzva-irop-pro-kybernetickou-bezpecnost/
A44: 114 | B44: Doplnok (web) | C44: OP TAK / NRB | D44: Nové úspory energie – bezúročný úver | E44: Firmy | F44: Zvýhodnený úver | G44: Celorepublikové | H44: neuvedené | I44: neuvedené | J44: neuvedené | L44: príjem obnovený od 5. 8. 2026 (sekundárny zdroj) | M44: Otvorená | N44: =IF(K44="",M44,IF(K44<Súhrn!$B$3,"Po uzávierke",IF(M44="Očakávaná","Očakávaná",IF(K44-Súhrn!$B$3<=14,"Končí do 14 dní","Otvorená")))) -> Otvorená | O44: =IF(K44="","",K44-Súhrn!$B$3) | P44: Stredná | Q44: Overiť na nrb.cz – zdroj je sekundárny. | R44: https://www.energosolar.cz/dotace-fotovoltaika-v-roce-2026/
A45: 19 | B45: Tvoj zoznam | C45: EK – EDF | D45: EDF-2026-LS-RA-CHALLENGE-DIGIT – dialóg človek-AI (2 výzvy) | E45: Obrana (konzorcium) | F45: Grant | G45: Nadnárodné | H45: €30 mil. | I45: 100 % | J45: €7 mil. | K45: 46294 | M45: Otvorená | N45: =IF(K45="",M45,IF(K45<Súhrn!$B$3,"Po uzávierke",IF(M45="Očakávaná","Očakávaná",IF(K45-Súhrn!$B$3<=14,"Končí do 14 dní","Otvorená")))) -> Končí do 14 dní | O45: =IF(K45="","",K45-Súhrn!$B$3) -> 4 | P45: Nízka | R45: tvoj zoznam
A46: 20 | B46: Tvoj zoznam | C46: EK – EDF | D46: EDF-2026-DA-ACC – endoatmosférický interceptor | E46: Obrana (konzorcium) | F46: Grant | G46: Nadnárodné | H46: €100 mil. | I46: neuvedené | J46: neuvedené | K46: 46294 | M46: Otvorená | N46: =IF(K46="",M46,IF(K46<Súhrn!$B$3,"Po uzávierke",IF(M46="Očakávaná","Očakávaná",IF(K46-Súhrn!$B$3<=14,"Končí do 14 dní","Otvorená")))) -> Končí do 14 dní | O46: =IF(K46="","",K46-Súhrn!$B$3) -> 4 | P46: Nízka | R46: tvoj zoznam
A47: 21 | B47: Tvoj zoznam | C47: EK – EDF | D47: EDF-2026-LS-DA-DIS – OTH radary | E47: Obrana (konzorcium) | F47: Grant | G47: Nadnárodné | H47: €29 mil. | I47: neuvedené | J47: neuvedené | K47: 46294 | M47: Otvorená | N47: =IF(K47="",M47,IF(K47<Súhrn!$B$3,"Po uzávierke",IF(M47="Očakávaná","Očakávaná",IF(K47-Súhrn!$B$3<=14,"Končí do 14 dní","Otvorená")))) -> Končí do 14 dní | O47: =IF(K47="","",K47-Súhrn!$B$3) -> 4 | P47: Nízka | R47: tvoj zoznam
A48: 22 | B48: Tvoj zoznam | C48: EK – EDF | D48: EDF-2026-RA – výskumné akcie (7 výziev) | E48: Obrana (konzorcium) | F48: Grant | G48: Nadnárodné | H48: €110 mil. | I48: 100 % | J48: neuvedené | K48: 46294 | M48: Otvorená | N48: =IF(K48="",M48,IF(K48<Súhrn!$B$3,"Po uzávierke",IF(M48="Očakávaná","Očakávaná",IF(K48-Súhrn!$B$3<=14,"Končí do 14 dní","Otvorená")))) -> Končí do 14 dní | O48: =IF(K48="","",K48-Súhrn!$B$3) -> 4 | P48: Nízka | R48: tvoj zoznam
A49: 23 | B49: Tvoj zoznam | C49: EK – Horizon Europe | D49: HORIZON-WIDERA-2026-GENDER-Prize – šampióni rodovej rovnosti | E49: Organizácie s GEP | F49: Cena | G49: Nadnárodné | H49: €400 000 | I49: neuvedené | J49: €100 000 | K49: 46294 | M49: Otvorená | N49: =IF(K49="",M49,IF(K49<Súhrn!$B$3,"Po uzávierke",IF(M49="Očakávaná","Očakávaná",IF(K49-Súhrn!$B$3<=14,"Končí do 14 dní","Otvorená")))) -> Končí do 14 dní | O49: =IF(K49="","",K49-Súhrn!$B$3) -> 4 | P49: Nízka | Q49: Ocenenie, nie projekt. | R49: tvoj zoznam
A50: 24 | B50: Tvoj zoznam | C50: EK – EDF | D50: EDF-2026-DA – vývoj obranných technológií (11 výziev) | E50: Obrana (konzorcium) | F50: Grant | G50: Nadnárodné | H50: €422 mil. | I50: neuvedené | J50: neuvedené | K50: 46294 | M50: Otvorená | N50: =IF(K50="",M50,IF(K50<Súhrn!$B$3,"Po uzávierke",IF(M50="Očakávaná","Očakávaná",IF(K50-Súhrn!$B$3<=14,"Končí do 14 dní","Otvorená")))) -> Končí do 14 dní | O50: =IF(K50="","",K50-Súhrn!$B$3) -> 4 | P50: Nízka | R50: tvoj zoznam
A51: 25 | B51: Tvoj zoznam | C51: EK – EDF | D51: EDF-2026-LS-DA-SME – netematické vývojové akcie pre MSP | E51: Obranné MSP | F51: Grant | G51: Nadnárodné | H51: €30 mil. | I51: neuvedené | J51: neuvedené | K51: 46294 | M51: Otvorená | N51: =IF(K51="",M51,IF(K51<Súhrn!$B$3,"Po uzávierke",IF(M51="Očakávaná","Očakávaná",IF(K51-Súhrn!$B$3<=14,"Končí do 14 dní","Otvorená")))) -> Končí do 14 dní | O51: =IF(K51="","",K51-Súhrn!$B$3) -> 4 | P51: Nízka | R51: tvoj zoznam
A52: 26 | B52: Tvoj zoznam | C52: EK – Horizon Europe | D52: HORIZON-CL6-2026-03-GOVERNANCE-01 – Earth Intelligence AI | E52: Konzorcium EÚ | F52: Grant | G52: Nadnárodné | H52: €1 mil. | I52: neuvedené | J52: neuvedené | K52: 46295 | M52: Otvorená | N52: =IF(K52="",M52,IF(K52<Súhrn!$B$3,"Po uzávierke",IF(M52="Očakávaná","Očakávaná",IF(K52-Súhrn!$B$3<=14,"Končí do 14 dní","Otvorená")))) -> Končí do 14 dní | O52: =IF(K52="","",K52-Súhrn!$B$3) -> 5 | P52: Nízka | R52: tvoj zoznam
A53: 28 | B53: Tvoj zoznam | C53: EK – Digital Europe | D53: DIGITAL-2026-BESTUSE-RSF-10 – informačné prostredie (2 výzvy) | E53: Konzorcium EÚ | F53: Grant | G53: Nadnárodné | H53: €6 mil. | I53: 100 % | J53: neuvedené | K53: 46296 | M53: Otvorená | N53: =IF(K53="",M53,IF(K53<Súhrn!$B$3,"Po uzávierke",IF(M53="Očakávaná","Očakávaná",IF(K53-Súhrn!$B$3<=14,"Končí do 14 dní","Otvorená")))) -> Končí do 14 dní | O53: =IF(K53="","",K53-Súhrn!$B$3) -> 6 | P53: Nízka | R53: tvoj zoznam
A54: 29 | B54: Tvoj zoznam | C54: EK – Digital Europe | D54: DIGITAL-2026-SKILLS-10 – pokročilé digitálne zručnosti (3 výzvy) | E54: Konzorcium (VŠ, firmy) | F54: Grant | G54: Nadnárodné | H54: €12,5 mil. | I54: 100 % | J54: neuvedené | K54: 46296 | M54: Otvorená | N54: =IF(K54="",M54,IF(K54<Súhrn!$B$3,"Po uzávierke",IF(M54="Očakávaná","Očakávaná",IF(K54-Súhrn!$B$3<=14,"Končí do 14 dní","Otvorená")))) -> Končí do 14 dní | O54: =IF(K54="","",K54-Súhrn!$B$3) -> 6 | P54: Nízka | R54: tvoj zoznam
A55: 30 | B55: Tvoj zoznam | C55: EK – Digital Europe | D55: DIGITAL-2026-BESTUSE-10 – centrá bezpečnejšieho internetu (2 výzvy) | E55: Konzorcium EÚ | F55: Grant | G55: Nadnárodné | H55: €10 mil. | I55: neuvedené | J55: neuvedené | K55: 46296 | M55: Otvorená | N55: =IF(K55="",M55,IF(K55<Súhrn!$B$3,"Po uzávierke",IF(M55="Očakávaná","Očakávaná",IF(K55-Súhrn!$B$3<=14,"Končí do 14 dní","Otvorená")))) -> Končí do 14 dní | O55: =IF(K55="","",K55-Súhrn!$B$3) -> 6 | P55: Nízka | R55: tvoj zoznam
A56: 31 | B56: Tvoj zoznam | C56: EK – PPPA | D56: PPPA-2026-YOUTH-SOCIAL-MEDIA-DESIGN – sociálna platforma pre mladých | E56: Konzorcium EÚ | F56: Grant | G56: Nadnárodné | H56: €1,48 mil. | I56: 80 % | J56: neuvedené | K56: 46301 | M56: Otvorená | N56: =IF(K56="",M56,IF(K56<Súhrn!$B$3,"Po uzávierke",IF(M56="Očakávaná","Očakávaná",IF(K56-Súhrn!$B$3<=14,"Končí do 14 dní","Otvorená")))) -> Končí do 14 dní | O56: =IF(K56="","",K56-Súhrn!$B$3) -> 11 | P56: Nízka | R56: tvoj zoznam
A57: 32 | B57: Tvoj zoznam | C57: EK – CEF | D57: CEF-T-2026-CORECOEN-RAIL-WORKS – železnice TEN-T | E57: Infraštruktúra (správcovia, verejné orgány) | F57: Grant | G57: Nadnárodné | H57: €260 mil. | I57: neuvedené | J57: neuvedené | K57: 46301 | M57: Otvorená | N57: =IF(K57="",M57,IF(K57<Súhrn!$B$3,"Po uzávierke",IF(M57="Očakávaná","Očakávaná",IF(K57-Súhrn!$B$3<=14,"Končí do 14 dní","Otvorená")))) -> Končí do 14 dní | O57: =IF(K57="","",K57-Súhrn!$B$3) -> 11 | P57: Nízka | R57: tvoj zoznam
A58: 33 | B58: Tvoj zoznam | C58: EK – CEF | D58: CEF-T-2026-COREGEN-RAIL-WORKS – železnice TEN-T | E58: Infraštruktúra (správcovia, verejné orgány) | F58: Grant | G58: Nadnárodné | H58: €350 mil. | I58: neuvedené | J58: neuvedené | K58: 46301 | M58: Otvorená | N58: =IF(K58="",M58,IF(K58<Súhrn!$B$3,"Po uzávierke",IF(M58="Očakávaná","Očakávaná",IF(K58-Súhrn!$B$3<=14,"Končí do 14 dní","Otvorená")))) -> Končí do 14 dní | O58: =IF(K58="","",K58-Súhrn!$B$3) -> 11 | P58: Nízka | R58: tvoj zoznam
A59: 34 | B59: Tvoj zoznam | C59: EK – CEF | D59: CEF-T-2026-MILMOB-WORKS – civilno-obranné využitie TEN-T | E59: Infraštruktúra (správcovia, verejné orgány) | F59: Grant | G59: Nadnárodné | H59: €130 mil. | I59: neuvedené | J59: neuvedené | K59: 46301 | M59: Otvorená | N59: =IF(K59="",M59,IF(K59<Súhrn!$B$3,"Po uzávierke",IF(M59="Očakávaná","Očakávaná",IF(K59-Súhrn!$B$3<=14,"Končí do 14 dní","Otvorená")))) -> Končí do 14 dní | O59: =IF(K59="","",K59-Súhrn!$B$3) -> 11 | P59: Nízka | R59: tvoj zoznam
A60: 35 | B60: Tvoj zoznam | C60: EK – CEF | D60: CEF-T-2026-SUSTMOBGEN-EMS-WORKS – námorné a vnútrozemské prístavy | E60: Prístavy, prevádzkovatelia plavidiel | F60: Grant | G60: Nadnárodné | H60: €200 mil. | I60: neuvedené | J60: €5 mil. | K60: 46301 | M60: Otvorená | N60: =IF(K60="",M60,IF(K60<Súhrn!$B$3,"Po uzávierke",IF(M60="Očakávaná","Očakávaná",IF(K60-Súhrn!$B$3<=14,"Končí do 14 dní","Otvorená")))) -> Končí do 14 dní | O60: =IF(K60="","",K60-Súhrn!$B$3) -> 11 | P60: Nízka | R60: tvoj zoznam
A61: 36 | B61: Tvoj zoznam | C61: EK – CEF | D61: CEF-T-2026-COREGEN-IWWP-WORKS – vnútrozemské vodné cesty | E61: Infraštruktúra (správcovia, verejné orgány) | F61: Grant | G61: Nadnárodné | H61: €350 mil. | I61: neuvedené | J61: neuvedené | K61: 46301 | M61: Otvorená | N61: =IF(K61="",M61,IF(K61<Súhrn!$B$3,"Po uzávierke",IF(M61="Očakávaná","Očakávaná",IF(K61-Súhrn!$B$3<=14,"Končí do 14 dní","Otvorená")))) -> Končí do 14 dní | O61: =IF(K61="","",K61-Súhrn!$B$3) -> 11 | P61: Nízka | R61: tvoj zoznam
A62: 37 | B62: Tvoj zoznam | C62: EK – CEF | D62: CEF-T-2026-SIMOBGEN-NEWTECH-WORKS – digitalizácia cestnej dopravy | E62: Infraštruktúra (správcovia, verejné orgány) | F62: Grant | G62: Nadnárodné | H62: €20 mil. | I62: neuvedené | J62: neuvedené | K62: 46301 | M62: Otvorená | N62: =IF(K62="",M62,IF(K62<Súhrn!$B$3,"Po uzávierke",IF(M62="Očakávaná","Očakávaná",IF(K62-Súhrn!$B$3<=14,"Končí do 14 dní","Otvorená")))) -> Končí do 14 dní | O62: =IF(K62="","",K62-Súhrn!$B$3) -> 11 | P62: Nízka | R62: tvoj zoznam
A63: 38 | B63: Tvoj zoznam | C63: EK – Horizon Europe | D63: HORIZON-MISS-2026-04 (3 výzvy) | E63: Konzorcium EÚ | F63: Grant | G63: Nadnárodné | H63: €85,5 mil. | I63: neuvedené | J63: neuvedené | K63: 46303 | M63: Otvorená | N63: =IF(K63="",M63,IF(K63<Súhrn!$B$3,"Po uzávierke",IF(M63="Očakávaná","Očakávaná",IF(K63-Súhrn!$B$3<=14,"Končí do 14 dní","Otvorená")))) -> Končí do 14 dní | O63: =IF(K63="","",K63-Súhrn!$B$3) -> 13 | P63: Nízka | Q63: Názov v zdroji hovorí o stavebníctve, popis o pôde – overiť. | R63: tvoj zoznam
A64: 39 | B64: Tvoj zoznam | C64: TA ČR – SIGMA | D64: Clean Energy Transition (CET) – Call 2026 | E64: Firmy + výskum (medzinár. konzorcium) | F64: Grant | G64: Nadnárodné | H64: €1,2 mil. | I64: 80 % | J64: €250 000 | K64: 46303 | M64: Otvorená | N64: =IF(K64="",M64,IF(K64<Súhrn!$B$3,"Po uzávierke",IF(M64="Očakávaná","Očakávaná",IF(K64-Súhrn!$B$3<=14,"Končí do 14 dní","Otvorená")))) -> Končí do 14 dní | O64: =IF(K64="","",K64-Súhrn!$B$3) -> 13 | P64: Nízka | Q64: Min. 3 partneri z 3 krajín; 13 dní do uzávierky. | R64: tvoj zoznam
A65: 40 | B65: Tvoj zoznam | C65: EK – PPPA | D65: PPPA-2026-REGIONAL-SUBMARINE-ISM-CABLE-HUBS – podmorské káble | E65: Konzorcium EÚ | F65: Grant | G65: Nadnárodné | H65: €3,94 mil. | I65: neuvedené | J65: neuvedené | K65: 46303 | M65: Otvorená | N65: =IF(K65="",M65,IF(K65<Súhrn!$B$3,"Po uzávierke",IF(M65="Očakávaná","Očakávaná",IF(K65-Súhrn!$B$3<=14,"Končí do 14 dní","Otvorená")))) -> Končí do 14 dní | O65: =IF(K65="","",K65-Súhrn!$B$3) -> 13 | P65: Nízka | R65: tvoj zoznam
A66: 41 | B66: Tvoj zoznam | C66: EK – Horizon Europe | D66: HORIZON-CL2-2026-02-TRANSFO-01 – partnerstvo sociálne transformácie | E66: Poskytovatelia financovania výskumu | F66: Grant | G66: Nadnárodné | H66: €60 mil. | I66: 30 % | J66: neuvedené | K66: 46308 | M66: Otvorená | N66: =IF(K66="",M66,IF(K66<Súhrn!$B$3,"Po uzávierke",IF(M66="Očakávaná","Očakávaná",IF(K66-Súhrn!$B$3<=14,"Končí do 14 dní","Otvorená")))) -> Otvorená | O66: =IF(K66="","",K66-Súhrn!$B$3) -> 18 | P66: Nízka | R66: tvoj zoznam
A67: 42 | B67: Tvoj zoznam | C67: EK – SMP | D67: SMP-FOOD-2026-FW-STAKEHOLDERS-PJ – potravinový odpad | E67: Organizácie/konzorciá | F67: Grant | G67: Nadnárodné | H67: neuvedené | I67: neuvedené | J67: neuvedené | K67: 46310 | M67: Otvorená | N67: =IF(K67="",M67,IF(K67<Súhrn!$B$3,"Po uzávierke",IF(M67="Očakávaná","Očakávaná",IF(K67-Súhrn!$B$3<=14,"Končí do 14 dní","Otvorená")))) -> Otvorená | O67: =IF(K67="","",K67-Súhrn!$B$3) -> 20 | P67: Nízka | R67: tvoj zoznam
A68: 43 | B68: Tvoj zoznam | C68: EK – JUST | D68: JUST-2027-JACC-EJUSTICE – e-Justice, práva obetí (2 výzvy) | E68: Konzorcium EÚ | F68: Grant | G68: Nadnárodné | H68: €9,4 mil. | I68: neuvedené | J68: neuvedené | K68: 46310 | M68: Otvorená | N68: =IF(K68="",M68,IF(K68<Súhrn!$B$3,"Po uzávierke",IF(M68="Očakávaná","Očakávaná",IF(K68-Súhrn!$B$3<=14,"Končí do 14 dní","Otvorená")))) -> Otvorená | O68: =IF(K68="","",K68-Súhrn!$B$3) -> 20 | P68: Nízka | R68: tvoj zoznam
A69: 45 | B69: Tvoj zoznam | C69: EK – EIC | D69: HORIZON-EIC-2026-DEFENCE-01 – STEP Scale Up, obrana | E69: Obranné MSP / small mid-caps | F69: Iné mechanizmy | G69: Nadnárodné | H69: €100 mil. | I69: neuvedené | J69: €30 mil. | K69: 46323 | M69: Otvorená | N69: =IF(K69="",M69,IF(K69<Súhrn!$B$3,"Po uzávierke",IF(M69="Očakávaná","Očakávaná",IF(K69-Súhrn!$B$3<=14,"Končí do 14 dní","Otvorená")))) -> Otvorená | O69: =IF(K69="","",K69-Súhrn!$B$3) -> 33 | P69: Nízka | R69: tvoj zoznam
A70: 49 | B70: Tvoj zoznam | C70: EK – Horizon Europe | D70: HORIZON-CL3-2026-01 – bezpečnosť pre spoločnosť (21 výziev) | E70: Konzorcium EÚ | F70: Grant | G70: Nadnárodné | H70: €131 mil. | I70: 100 % | J70: €6 mil. | K70: 46331 | M70: Otvorená | N70: =IF(K70="",M70,IF(K70<Súhrn!$B$3,"Po uzávierke",IF(M70="Očakávaná","Očakávaná",IF(K70-Súhrn!$B$3<=14,"Končí do 14 dní","Otvorená")))) -> Otvorená | O70: =IF(K70="","",K70-Súhrn!$B$3) -> 41 | P70: Nízka | R70: tvoj zoznam
A71: 99 | B71: Tvoj zoznam | C71: Hl. m. Praha | D71: Životné prostredie 2027 – I. verejná zeleň | E71: Mix (Praha: NNO, SVJ, FO) | F71: Grant | G71: Regionálne | H71: 4 500 000 Kč | I71: 100 % | J71: 450 000 Kč | K71: 46331 | M71: Očakávaná | N71: =IF(K71="",M71,IF(K71<Súhrn!$B$3,"Po uzávierke",IF(M71="Očakávaná","Očakávaná",IF(K71-Súhrn!$B$3<=14,"Končí do 14 dní","Otvorená")))) -> Očakávaná | O71: =IF(K71="","",K71-Súhrn!$B$3) -> 41 | P71: Nízka | R71: tvoj zoznam
A72: 100 | B72: Tvoj zoznam | C72: Hl. m. Praha | D72: Životné prostredie 2027 – V. špecifické projekty | E72: Mix (Praha: NNO, SVJ, FO) | F72: Grant | G72: Regionálne | H72: 2 250 000 Kč | I72: 100 % | J72: 450 000 Kč | K72: 46331 | M72: Očakávaná | N72: =IF(K72="",M72,IF(K72<Súhrn!$B$3,"Po uzávierke",IF(M72="Očakávaná","Očakávaná",IF(K72-Súhrn!$B$3<=14,"Končí do 14 dní","Otvorená")))) -> Očakávaná | O72: =IF(K72="","",K72-Súhrn!$B$3) -> 41 | P72: Nízka | R72: tvoj zoznam
A73: 51 | B73: Tvoj zoznam | C73: TA ČR | D73: Partnerství pro biodiverzitu – Call 2026 (BiodivFuture) | E73: Výskum + firmy (konzorcium) | F73: Grant | G73: Nadnárodné | H73: €1 mil. | I73: 80 % | J73: €170 000 | K73: 46336 | M73: Otvorená | N73: =IF(K73="",M73,IF(K73<Súhrn!$B$3,"Po uzávierke",IF(M73="Očakávaná","Očakávaná",IF(K73-Súhrn!$B$3<=14,"Končí do 14 dní","Otvorená")))) -> Otvorená | O73: =IF(K73="","",K73-Súhrn!$B$3) -> 46 | P73: Nízka | R73: tvoj zoznam
A74: 52 | B74: Tvoj zoznam | C74: EK – I3 | D74: I3-2026-INV1 – medziregionálne investície do inovácií | E74: Konzorcium regiónov/firiem | F74: Iné mechanizmy | G74: Nadnárodné | H74: €28,2 mil. | I74: neuvedené | J74: neuvedené | K74: 46338 | M74: Otvorená | N74: =IF(K74="",M74,IF(K74<Súhrn!$B$3,"Po uzávierke",IF(M74="Očakávaná","Očakávaná",IF(K74-Súhrn!$B$3<=14,"Končí do 14 dní","Otvorená")))) -> Otvorená | O74: =IF(K74="","",K74-Súhrn!$B$3) -> 48 | P74: Nízka | R74: tvoj zoznam
A75: 53 | B75: Tvoj zoznam | C75: EK – I3 | D75: I3-2026-INV2a – medziregionálne investície do inovácií | E75: Konzorcium regiónov/firiem | F75: Grant | G75: Nadnárodné | H75: €30,2 mil. | I75: neuvedené | J75: neuvedené | K75: 46338 | M75: Otvorená | N75: =IF(K75="",M75,IF(K75<Súhrn!$B$3,"Po uzávierke",IF(M75="Očakávaná","Očakávaná",IF(K75-Súhrn!$B$3<=14,"Končí do 14 dní","Otvorená")))) -> Otvorená | O75: =IF(K75="","",K75-Súhrn!$B$3) -> 48 | P75: Nízka | R75: tvoj zoznam
A76: 54 | B76: Tvoj zoznam | C76: EK – SOCPL | D76: SOCPL-2026-INFO-REPR – zastúpenie zamestnancov | E76: Odbory, zamestnávatelia | F76: Grant | G76: Nadnárodné | H76: €2,5 mil. | I76: 90 % | J76: €350 000 | K76: 46338 | M76: Otvorená | N76: =IF(K76="",M76,IF(K76<Súhrn!$B$3,"Po uzávierke",IF(M76="Očakávaná","Očakávaná",IF(K76-Súhrn!$B$3<=14,"Končí do 14 dní","Otvorená")))) -> Otvorená | O76: =IF(K76="","",K76-Súhrn!$B$3) -> 48 | P76: Nízka | R76: tvoj zoznam
A77: 55 | B77: Tvoj zoznam | C77: EK – Horizon Europe | D77: HORIZON-RAISE-2026-01-03 – doktorandské siete AI vo vede | E77: Konzorcium (výskum) | F77: Grant | G77: Nadnárodné | H77: €30 mil. | I77: neuvedené | J77: neuvedené | K77: 46350 | M77: Otvorená | N77: =IF(K77="",M77,IF(K77<Súhrn!$B$3,"Po uzávierke",IF(M77="Očakávaná","Očakávaná",IF(K77-Súhrn!$B$3<=14,"Končí do 14 dní","Otvorená")))) -> Otvorená | O77: =IF(K77="","",K77-Súhrn!$B$3) -> 60 | P77: Nízka | R77: tvoj zoznam
A78: 56 | B78: Tvoj zoznam | C78: EK – EIC | D78: HORIZON-EIC-2026-STEP – kapitál pre tech scale-upy | E78: Deep-tech MSP | F78: Kapitálový vstup | G78: Nadnárodné | H78: €300 mil. | I78: neuvedené | J78: €30 mil. | K78: 46352 | M78: Otvorená | N78: =IF(K78="",M78,IF(K78<Súhrn!$B$3,"Po uzávierke",IF(M78="Očakávaná","Očakávaná",IF(K78-Súhrn!$B$3<=14,"Končí do 14 dní","Otvorená")))) -> Otvorená | O78: =IF(K78="","",K78-Súhrn!$B$3) -> 62 | P78: Nízka | Q78: Len equity, kolá 50–150 mil. €. | R78: tvoj zoznam
A79: 4 | B79: Tvoj zoznam | C79: EK – ISF | D79: ISF-2026-TF2-AG-CYBER – digitálne vyšetrovanie (2 výzvy) | E79: Konzorcium EÚ (min. 2 štáty) | F79: Grant | G79: Nadnárodné | H79: €6,2 mil. | I79: 100 % | J79: neuvedené | K79: 46371 | M79: Otvorená | N79: =IF(K79="",M79,IF(K79<Súhrn!$B$3,"Po uzávierke",IF(M79="Očakávaná","Očakávaná",IF(K79-Súhrn!$B$3<=14,"Končí do 14 dní","Otvorená")))) -> Otvorená | O79: =IF(K79="","",K79-Súhrn!$B$3) -> 81 | P79: Nízka | Q79: Polícia/justícia, medzinárodné konzorcium. | R79: tvoj zoznam
A80: 62 | B80: Tvoj zoznam | C80: MZe ČR | D80: 9.A.c Špeciálne poradenstvo – hydina, genomika | E80: Výskumné organizácie | F80: Grant | G80: Celorepublikové | H80: neuvedené | I80: 100 % | J80: neuvedené | K80: 46387 | M80: Otvorená | N80: =IF(K80="",M80,IF(K80<Súhrn!$B$3,"Po uzávierke",IF(M80="Očakávaná","Očakávaná",IF(K80-Súhrn!$B$3<=14,"Končí do 14 dní","Otvorená")))) -> Otvorená | O80: =IF(K80="","",K80-Súhrn!$B$3) -> 97 | P80: Nízka | R80: tvoj zoznam
A81: 63 | B81: Tvoj zoznam | C81: EK – Digital Europe | D81: DIGITAL-ECCC-2027-DEPLOY-CYBER-11 – kyberbezpečnosť (7 výziev) | E81: Konzorciá, firmy vrátane MSP | F81: Grant | G81: Nadnárodné | H81: €96 mil. | I81: 100 % | J81: €5 mil. | K81: 46401 | M81: Otvorená | N81: =IF(K81="",M81,IF(K81<Súhrn!$B$3,"Po uzávierke",IF(M81="Očakávaná","Očakávaná",IF(K81-Súhrn!$B$3<=14,"Končí do 14 dní","Otvorená")))) -> Otvorená | O81: =IF(K81="","",K81-Súhrn!$B$3) -> 111 | P81: Nízka | Q81: Jedna téma: AI-bezpečné riešenia v MSP. | R81: tvoj zoznam
A82: 64 | B82: Tvoj zoznam | C82: EK – EuroHPC | D82: HORIZON-JU-EUROHPC-2026-NGC-04-01 – kvantové senzory | E82: Konzorcium EÚ | F82: Grant | G82: Nadnárodné | H82: €2 mil. | I82: neuvedené | J82: €500 000 | K82: 46401 | M82: Otvorená | N82: =IF(K82="",M82,IF(K82<Súhrn!$B$3,"Po uzávierke",IF(M82="Očakávaná","Očakávaná",IF(K82-Súhrn!$B$3<=14,"Končí do 14 dní","Otvorená")))) -> Otvorená | O82: =IF(K82="","",K82-Súhrn!$B$3) -> 111 | P82: Nízka | R82: tvoj zoznam
A83: 65 | B83: Tvoj zoznam | C83: EK – EuroHPC | D83: HORIZON-JU-EUROHPC-2026-STAND-05-01 – štandardy kvantových technológií | E83: Konzorcium EÚ | F83: Grant | G83: Nadnárodné | H83: 10 000 000 Kč (v zdroji; asi €) | I83: neuvedené | J83: 10 000 000 Kč (v zdroji) | K83: 46406 | M83: Otvorená | N83: =IF(K83="",M83,IF(K83<Súhrn!$B$3,"Po uzávierke",IF(M83="Očakávaná","Očakávaná",IF(K83-Súhrn!$B$3<=14,"Končí do 14 dní","Otvorená")))) -> Otvorená | O83: =IF(K83="","",K83-Súhrn!$B$3) -> 116 | P83: Nízka | Q83: Mena v zdroji pravdepodobne chybná. | R83: tvoj zoznam
A84: 66 | B84: Tvoj zoznam | C84: EK – EuroHPC | D84: HORIZON-JU-EUROHPC-2026-PQC-06-01 – fotonické kvantové počítače | E84: Konzorcium vedené startupom | F84: Grant | G84: Nadnárodné | H84: €10 mil. | I84: neuvedené | J84: €10 mil. | K84: 46413 | M84: Otvorená | N84: =IF(K84="",M84,IF(K84<Súhrn!$B$3,"Po uzávierke",IF(M84="Očakávaná","Očakávaná",IF(K84-Súhrn!$B$3<=14,"Končí do 14 dní","Otvorená")))) -> Otvorená | O84: =IF(K84="","",K84-Súhrn!$B$3) -> 123 | P84: Nízka | R84: tvoj zoznam
A85: 5 | B85: Tvoj zoznam | C85: EK – Horizon Europe | D85: HORIZON-CL4-2027-01-MAT-PROD-16 – spracovanie surovín (10 výziev) | E85: Konzorcium EÚ | F85: Grant | G85: Nadnárodné | H85: €49 mil. | I85: neuvedené | J85: €12,5 mil. | K85: 46420 | M85: Otvorená | N85: =IF(K85="",M85,IF(K85<Súhrn!$B$3,"Po uzávierke",IF(M85="Očakávaná","Očakávaná",IF(K85-Súhrn!$B$3<=14,"Končí do 14 dní","Otvorená")))) -> Otvorená | O85: =IF(K85="","",K85-Súhrn!$B$3) -> 130 | P85: Nízka | Q85: Pilotné prevádzky, výskumné konzorciá. | R85: tvoj zoznam
A86: 68 | B86: Tvoj zoznam | C86: EK – Horizon Europe | D86: HORIZON-WIDERA-2027-04-WIDENING-01 – centrá excelencie | E86: Konzorcium EÚ | F86: Grant | G86: Nadnárodné | H86: €100 mil. | I86: neuvedené | J86: €4,5 mil. | K86: 46450 | M86: Otvorená | N86: =IF(K86="",M86,IF(K86<Súhrn!$B$3,"Po uzávierke",IF(M86="Očakávaná","Očakávaná",IF(K86-Súhrn!$B$3<=14,"Končí do 14 dní","Otvorená")))) -> Otvorená | O86: =IF(K86="","",K86-Súhrn!$B$3) -> 160 | P86: Nízka | R86: tvoj zoznam
A87: 101 | B87: Tvoj zoznam | C87: EK – Horizon Europe | D87: HORIZON-CL5-2027-01 – klíma (7 výziev) | E87: Konzorcium EÚ | F87: Grant | G87: Nadnárodné | H87: €18 mil. | I87: neuvedené | J87: €6 mil. | K87: 46450 | M87: Očakávaná | N87: =IF(K87="",M87,IF(K87<Súhrn!$B$3,"Po uzávierke",IF(M87="Očakávaná","Očakávaná",IF(K87-Súhrn!$B$3<=14,"Končí do 14 dní","Otvorená")))) -> Očakávaná | O87: =IF(K87="","",K87-Súhrn!$B$3) -> 160 | P87: Nízka | R87: tvoj zoznam
A88: 102 | B88: Tvoj zoznam | C88: EK – Horizon Europe | D88: HORIZON-WIDERA-2027-05 – európsky výskumný systém (5 výziev) | E88: Konzorcium EÚ | F88: Grant | G88: Nadnárodné | H88: €42 mil. | I88: neuvedené | J88: €3 mil. | K88: 46457 | M88: Očakávaná | N88: =IF(K88="",M88,IF(K88<Súhrn!$B$3,"Po uzávierke",IF(M88="Očakávaná","Očakávaná",IF(K88-Súhrn!$B$3<=14,"Končí do 14 dní","Otvorená")))) -> Očakávaná | O88: =IF(K88="","",K88-Súhrn!$B$3) -> 167 | P88: Nízka | R88: tvoj zoznam
A89: 103 | B89: Tvoj zoznam | C89: EK – Horizon Europe | D89: HORIZON-CL5-2027-02 – batérie a energetika (10 výziev) | E89: Konzorcium EÚ | F89: Grant | G89: Nadnárodné | H89: €18,8 mil. | I89: neuvedené | J89: neuvedené | K89: 46477 | M89: Očakávaná | N89: =IF(K89="",M89,IF(K89<Súhrn!$B$3,"Po uzávierke",IF(M89="Očakávaná","Očakávaná",IF(K89-Súhrn!$B$3<=14,"Končí do 14 dní","Otvorená")))) -> Očakávaná | O89: =IF(K89="","",K89-Súhrn!$B$3) -> 187 | P89: Nízka | R89: tvoj zoznam
A90: 113 | B90: Doplnok (web) | C90: Modernizační fond (SFŽP) | D90: TRANSGov 1/2024 (2. kolo) – osobná železničná doprava | E90: Dopravcovia v osobnej železničnej doprave | F90: Grant | G90: Celorepublikové | H90: 15 000 000 000 Kč | I90: neuvedené | J90: neuvedené | K90: 46477 | L90: príjem od 1. 12. 2025 | M90: Otvorená | N90: =IF(K90="",M90,IF(K90<Súhrn!$B$3,"Po uzávierke",IF(M90="Očakávaná","Očakávaná",IF(K90-Súhrn!$B$3<=14,"Končí do 14 dní","Otvorená")))) -> Otvorená | O90: =IF(K90="","",K90-Súhrn!$B$3) -> 187 | P90: Nízka | Q90: Veľmi úzky okruh žiadateľov. | R90: https://sfzp.gov.cz/dotace-a-pujcky/modernizacni-fond/vyzvy/
A91: 104 | B91: Tvoj zoznam | C91: MZe ČR | D91: 9.E Školské závody | E91: Podniky so štatútom Školní závod | F91: Grant | G91: Celorepublikové | H91: neuvedené | I91: 60 % | J91: 500 000 Kč | K91: 46507 | M91: Očakávaná | N91: =IF(K91="",M91,IF(K91<Súhrn!$B$3,"Po uzávierke",IF(M91="Očakávaná","Očakávaná",IF(K91-Súhrn!$B$3<=14,"Končí do 14 dní","Otvorená")))) -> Očakávaná | O91: =IF(K91="","",K91-Súhrn!$B$3) -> 217 | P91: Nízka | R91: tvoj zoznam
A92: 69 | B92: Tvoj zoznam | C92: MZe ČR | D92: 9.A.b Špeciálne poradenstvo – rastlinná výroba 2027 | E92: Pestovateľské zväzy, vystavovatelia | F92: Grant | G92: Celorepublikové | H92: neuvedené | I92: 80 % | J92: neuvedené | K92: 46568 | M92: Otvorená | N92: =IF(K92="",M92,IF(K92<Súhrn!$B$3,"Po uzávierke",IF(M92="Očakávaná","Očakávaná",IF(K92-Súhrn!$B$3<=14,"Končí do 14 dní","Otvorená")))) -> Otvorená | O92: =IF(K92="","",K92-Súhrn!$B$3) -> 278 | P92: Nízka | R92: tvoj zoznam
A93: 70 | B93: Tvoj zoznam | C93: EK – EDF/EDIP | D93: EDF-EDIP-P-2026-2027-FNLC-SA-SEAP – pohotovostné kapacity | E93: Obranný priemysel | F93: Grant | G93: Nadnárodné | H93: €10 mil. | I93: neuvedené | J93: €2 mil. | K93: 46658 | M93: Otvorená | N93: =IF(K93="",M93,IF(K93<Súhrn!$B$3,"Po uzávierke",IF(M93="Očakávaná","Očakávaná",IF(K93-Súhrn!$B$3<=14,"Končí do 14 dní","Otvorená")))) -> Otvorená | O93: =IF(K93="","",K93-Súhrn!$B$3) -> 368 | P93: Nízka | R93: tvoj zoznam
A94: 6 | B94: Tvoj zoznam | C94: SFŽP ČR | D94: Kompenzácia zvýhodnených úverov NZÚ – 1/2026/NZÚ FN | E94: Banky | F94: Zvýhodnený úver | G94: Celorepublikové | H94: 50 000 000 000 Kč | I94: neuvedené | J94: neuvedené | K94: 48213 | M94: Otvorená | N94: =IF(K94="",M94,IF(K94<Súhrn!$B$3,"Po uzávierke",IF(M94="Očakávaná","Očakávaná",IF(K94-Súhrn!$B$3<=14,"Končí do 14 dní","Otvorená")))) -> Otvorená | O94: =IF(K94="","",K94-Súhrn!$B$3) -> 1923 | P94: Nízka | Q94: Žiadajú len banky; klient (SVJ, RD) z toho má úver k HOUSEnerg. | R94: tvoj zoznam
A95: 76 | B95: Tvoj zoznam | C95: Nadace ČEZ | D95: Podpora regiónov | E95: NNO a iné právnické osoby | F95: Grant | G95: Celorepublikové | H95: neuvedené | I95: neuvedené | J95: neuvedené | L95: priebežne (kolo od 1. 1. 2026) | M95: Priebežná | N95: =IF(K95="",M95,IF(K95<Súhrn!$B$3,"Po uzávierke",IF(M95="Očakávaná","Očakávaná",IF(K95-Súhrn!$B$3<=14,"Končí do 14 dní","Otvorená")))) -> Priebežná | O95: =IF(K95="","",K95-Súhrn!$B$3) | P95: Nízka | R95: tvoj zoznam
A96: 77 | B96: Tvoj zoznam | C96: Nadace Vinci | D96: Podpora občianskych iniciatív | E96: NNO | F96: Grant | G96: Celorepublikové | H96: neuvedené | I96: neuvedené | J96: neuvedené | L96: priebežne | M96: Priebežná | N96: =IF(K96="",M96,IF(K96<Súhrn!$B$3,"Po uzávierke",IF(M96="Očakávaná","Očakávaná",IF(K96-Súhrn!$B$3<=14,"Končí do 14 dní","Otvorená")))) -> Priebežná | O96: =IF(K96="","",K96-Súhrn!$B$3) | P96: Nízka | R96: tvoj zoznam
A97: 78 | B97: Tvoj zoznam | C97: NF Neuron | D97: Fond na podporu vedy | E97: Vedci | F97: Grant/cena | G97: Celorepublikové | H97: neuvedené | I97: neuvedené | J97: 1 500 000 Kč | L97: priebežne | M97: Priebežná | N97: =IF(K97="",M97,IF(K97<Súhrn!$B$3,"Po uzávierke",IF(M97="Očakávaná","Očakávaná",IF(K97-Súhrn!$B$3<=14,"Končí do 14 dní","Otvorená")))) -> Priebežná | O97: =IF(K97="","",K97-Súhrn!$B$3) | P97: Nízka | R97: tvoj zoznam
A98: 79 | B98: Tvoj zoznam | C98: Nadace Leoše Janáčka | D98: Hudobná publicistika | E98: Periodiká | F98: Grant | G98: Celorepublikové | H98: neuvedené | I98: neuvedené | J98: 300 000 Kč | L98: uzávierky 15. 2. a 30. 9. | M98: Priebežná | N98: =IF(K98="",M98,IF(K98<Súhrn!$B$3,"Po uzávierke",IF(M98="Očakávaná","Očakávaná",IF(K98-Súhrn!$B$3<=14,"Končí do 14 dní","Otvorená")))) -> Priebežná | O98: =IF(K98="","",K98-Súhrn!$B$3) | P98: Nízka | R98: tvoj zoznam
A99: 80 | B99: Tvoj zoznam | C99: Nadace Vodafone | D99: Grantový program Laboratoř | E99: Startupy, NNO, sociálne podniky | F99: Grant | G99: Celorepublikové | H99: neuvedené | I99: neuvedené | J99: neuvedené | L99: priebežne | M99: Priebežná | N99: =IF(K99="",M99,IF(K99<Súhrn!$B$3,"Po uzávierke",IF(M99="Očakávaná","Očakávaná",IF(K99-Súhrn!$B$3<=14,"Končí do 14 dní","Otvorená")))) -> Priebežná | O99: =IF(K99="","",K99-Súhrn!$B$3) | P99: Nízka | R99: tvoj zoznam
A100: 81 | B100: Tvoj zoznam | C100: Nadace ČHF | D100: Kruh priateľov hudby | E100: Organizátori koncertov | F100: Grant | G100: Celorepublikové | H100: neuvedené | I100: neuvedené | J100: neuvedené | L100: uzávierky 30. 9. a 20. 11. | M100: Priebežná | N100: =IF(K100="",M100,IF(K100<Súhrn!$B$3,"Po uzávierke",IF(M100="Očakávaná","Očakávaná",IF(K100-Súhrn!$B$3<=14,"Končí do 14 dní","Otvorená")))) -> Priebežná | O100: =IF(K100="","",K100-Súhrn!$B$3) | P100: Nízka | R100: tvoj zoznam
...

Sheet Legenda
A1: Čo je v zošite
A2: Výzvy | B2: 116 výziev: 105 z tvojho zoznamu + 11 doplnkov z webu, ktoré v zozname chýbali. Zoradené: najprv tie, na ktoré sa dá podať, podľa relevancie a uzávierky; stĺpec ID = poradie v zdroji.
A3: Zdroj | B3: „Tvoj zoznam“ = údaje prevzaté z tvojho zoznamu (neoverené proti poskytovateľom). „Doplnok (web)“ = nájdené vyhľadávaním 25. 9. 2026; odkaz v stĺpci Overenie.
A4: Stav k dátumu | B4: Vzorec z Uzávierky a dátumu v Súhrn!B3: Po uzávierke / Končí do 14 dní / Otvorená; bez dátumu sa preberá Status v zdroji (Priebežná, Očakávaná).
A5: Relevancia | B5: Môj odhad pre komerčné grantové poradenstvo v ČR: Vysoká = široký okruh klientov, rozumný termín a objem; Nízka = medzinárodné konzorciá, obrana, infraštruktúra, tendre, nadácie s malými sumami. Dá sa prepísať (rozbaľovací zoznam).
A6: Sumy | B6: Alokácia a max. dotácia sú text tak, ako v zdroji (Kč aj €); kde mena v zdroji vyzerá chybne, je to v poznámke.
A7: Upozornenia | B7: Stránka optak.gov.cz bola z prostredia nedostupná; doplnky OP TAK, IROP, NRB a SZIF sú z výsledkov vyhľadávania – pred ponukou klientovi overiť u poskytovateľa.
A8: Nepridané (už uzavreté) | B8: OP TAK Digitální podnik I (18. 2. 2026) a II (17. 4. 2026), Inovace IV (20. 2. 2026), Potenciál III (17. 2. 2026), NRB Expanze (pozastavené od 10. 8. 2026), EDIH II (25. 5. 2026), TA ČR TREND podprogram 2 (v 2026 sa nevyhlási).
A9: Sledovať | B9: Nová výzva OP TAK Úspory energie (plánovaná na 2026, termín neznámy); ďalšie kolo Digitální podnik (pre ERP/Odoo najdôležitejšie) – nenašiel som.
